guesty_id,name,year,month,reservations,occupied_nights,available_nights,occupancy,adr,revpar,gross_revenue
63c19733d0eeec00353b9e72,300 Sherman Ave,2024,9,7,21,30,0.7000,1044.37,731.06,21931.79
63c19733d0eeec00353b9e72,300 Sherman Ave,2024,10,7,22,31,0.7097,1278.11,907.04,28118.39
63c19733d0eeec00353b9e72,300 Sherman Ave,2024,11,6,22,30,0.7333,879.41,644.90,19347.07
63c19733d0eeec00353b9e72,300 Sherman Ave,2024,12,5,17,31,0.5484,745.53,408.84,12674.06
63c19733d0eeec00353b9e72,300 Sherman Ave,2025,1,6,16,31,0.5161,625.69,322.94,10011.09
63c19733d0eeec00353b9e72,300 Sherman Ave,2025,2,6,16,28,0.5714,723.16,413.23,11570.57
63c19733d0eeec00353b9e72,300 Sherman Ave,2025,3,6,25,31,0.8065,779.14,628.34,19478.47
63c19733d0eeec00353b9e72,300 Sherman Ave,2025,4,4,16,30,0.5333,1453.40,775.14,23254.33
63c19733d0eeec00353b9e72,300 Sherman Ave,2025,5,9,24,31,0.7742,1090.47,844.24,26171.33
63c19733d0eeec00353b9e72,300 Sherman Ave,2025,6,6,23,30,0.7667,766.86,587.93,17637.85
63c19733d0eeec00353b9e72,300 Sherman Ave,2025,7,5,26,31,0.8387,762.25,639.31,19818.51
63c19733d0eeec00353b9e72,300 Sherman Ave,2025,8,6,24,31,0.7742,922.37,714.10,22136.99
63c19733d0eeec00353b9e72,300 Sherman Ave,2025,9,8,23,30,0.7667,975.74,748.07,22441.96
63c19733d0eeec00353b9e72,300 Sherman Ave,2025,10,7,21,31,0.6774,1551.63,1051.10,32584.16
63c19733d0eeec00353b9e72,300 Sherman Ave,2025,11,4,15,30,0.5000,945.82,472.91,14187.33
63c19733d0eeec00353b9e72,300 Sherman Ave,2025,12,6,18,31,0.5806,552.65,320.89,9947.67
63c19733d0eeec00353b9e72,300 Sherman Ave,2026,1,5,14,31,0.4516,562.94,254.23,7881.17
63c19733d0eeec00353b9e72,300 Sherman Ave,2026,2,4,12,28,0.4286,608.68,260.86,7304.20
63c19733d0eeec00353b9e72,300 Sherman Ave,2026,3,6,15,31,0.4839,751.73,363.74,11275.93
63c19733d0eeec00353b9e72,300 Sherman Ave,2026,4,7,23,30,0.7667,990.41,759.31,22779.35
63c19733d0eeec00353b9e72,300 Sherman Ave,2026,5,7,24,31,0.7742,826.26,639.68,19830.16
63c19733d0eeec00353b9e72,300 Sherman Ave,2026,6,6,22,30,0.7333,1275.55,935.40,28062.04
63c19733d0eeec00353b9e72,300 Sherman Ave,2026,7,3,24,31,0.7742,880.93,682.01,21142.42
63c19733d0eeec00353b9e72,300 Sherman Ave,2026,8,4,21,31,0.6774,839.37,568.61,17626.87
612f8f8e7ab24d002e921402,1934 Natchez Trl,2024,9,4,16,30,0.5333,357.47,190.65,5719.49
612f8f8e7ab24d002e921402,1934 Natchez Trl,2024,10,7,21,31,0.6774,564.41,382.34,11852.52
612f8f8e7ab24d002e921402,1934 Natchez Trl,2024,11,6,21,30,0.7000,275.83,193.08,5792.33
612f8f8e7ab24d002e921402,1934 Natchez Trl,2024,12,5,19,31,0.6129,264.01,161.81,5016.21
612f8f8e7ab24d002e921402,1934 Natchez Trl,2025,1,4,22,31,0.7097,226.23,160.55,4977.15
612f8f8e7ab24d002e921402,1934 Natchez Trl,2025,2,3,18,28,0.6429,241.39,155.18,4345.08
612f8f8e7ab24d002e921402,1934 Natchez Trl,2025,3,5,19,31,0.6129,275.73,169.00,5238.92
612f8f8e7ab24d002e921402,1934 Natchez Trl,2025,4,8,23,30,0.7667,397.02,304.38,9131.36
612f8f8e7ab24d002e921402,1934 Natchez Trl,2025,5,6,21,31,0.6774,405.84,274.92,8522.66
612f8f8e7ab24d002e921402,1934 Natchez Trl,2025,6,5,20,30,0.6667,338.51,225.68,6770.29
612f8f8e7ab24d002e921402,1934 Natchez Trl,2025,7,8,39,31,1.0000,272.00,342.20,10608.07
612f8f8e7ab24d002e921402,1934 Natchez Trl,2025,8,4,17,31,0.5484,339.00,185.90,5763.04
612f8f8e7ab24d002e921402,1934 Natchez Trl,2025,9,6,19,30,0.6333,399.61,253.08,7592.54
612f8f8e7ab24d002e921402,1934 Natchez Trl,2025,10,8,23,31,0.7419,557.31,413.49,12818.23
612f8f8e7ab24d002e921402,1934 Natchez Trl,2025,11,6,19,30,0.6333,463.32,293.44,8803.05
612f8f8e7ab24d002e921402,1934 Natchez Trl,2025,12,5,17,31,0.5484,293.38,160.88,4987.43
612f8f8e7ab24d002e921402,1934 Natchez Trl,2026,1,2,7,31,0.2258,222.56,50.26,1557.94
612f8f8e7ab24d002e921402,1934 Natchez Trl,2026,2,4,14,28,0.5000,240.90,120.45,3372.63
612f8f8e7ab24d002e921402,1934 Natchez Trl,2026,3,6,15,31,0.4839,294.91,142.70,4423.59
612f8f8e7ab24d002e921402,1934 Natchez Trl,2026,4,7,19,30,0.6333,487.93,309.02,9270.73
612f8f8e7ab24d002e921402,1934 Natchez Trl,2026,5,8,26,31,0.8387,417.88,350.48,10864.95
612f8f8e7ab24d002e921402,1934 Natchez Trl,2026,6,4,15,30,0.5000,561.43,280.72,8421.50
612f8f8e7ab24d002e921402,1934 Natchez Trl,2026,7,6,30,31,0.9677,293.76,284.28,8812.83
612f8f8e7ab24d002e921402,1934 Natchez Trl,2026,8,6,29,31,0.9355,262.64,245.69,7616.52
612f8f8e7f2b45002ce6a9f5,485 Cromwell Way,2024,9,5,17,30,0.5667,501.05,283.93,8517.81
612f8f8e7f2b45002ce6a9f5,485 Cromwell Way,2024,10,9,26,31,0.8387,475.56,398.85,12364.50
612f8f8e7f2b45002ce6a9f5,485 Cromwell Way,2024,11,5,21,30,0.7000,295.90,207.13,6213.88
612f8f8e7f2b45002ce6a9f5,485 Cromwell Way,2024,12,7,24,31,0.7742,257.20,199.12,6172.81
612f8f8e7f2b45002ce6a9f5,485 Cromwell Way,2025,1,5,13,31,0.4194,261.12,109.50,3394.51
612f8f8e7f2b45002ce6a9f5,485 Cromwell Way,2025,2,7,20,28,0.7143,304.91,217.79,6098.12
612f8f8e7f2b45002ce6a9f5,485 Cromwell Way,2025,3,6,21,31,0.6774,310.06,210.04,6511.35
612f8f8e7f2b45002ce6a9f5,485 Cromwell Way,2025,4,7,23,30,0.7667,515.26,395.03,11851.01
612f8f8e7f2b45002ce6a9f5,485 Cromwell Way,2025,5,8,24,31,0.7742,461.52,357.31,11076.52
612f8f8e7f2b45002ce6a9f5,485 Cromwell Way,2025,6,7,28,30,0.9333,256.87,239.74,7192.35
612f8f8e7f2b45002ce6a9f5,485 Cromwell Way,2025,7,7,35,31,1.0000,313.98,354.50,10989.47
612f8f8e7f2b45002ce6a9f5,485 Cromwell Way,2025,8,2,21,31,0.6774,254.44,172.36,5343.27
612f8f8e7f2b45002ce6a9f5,485 Cromwell Way,2025,9,6,21,30,0.7000,318.07,222.65,6679.56
612f8f8e7f2b45002ce6a9f5,485 Cromwell Way,2025,10,8,21,31,0.6774,535.14,362.51,11237.87
612f8f8e7f2b45002ce6a9f5,485 Cromwell Way,2025,11,7,23,30,0.7667,318.45,244.14,7324.28
612f8f8e7f2b45002ce6a9f5,485 Cromwell Way,2025,12,4,24,31,0.7742,326.48,252.76,7835.44
612f8f8e7f2b45002ce6a9f5,485 Cromwell Way,2026,1,3,12,31,0.3871,248.93,96.36,2987.18
612f8f8e7f2b45002ce6a9f5,485 Cromwell Way,2026,2,3,9,28,0.3214,242.98,78.10,2186.85
612f8f8e7f2b45002ce6a9f5,485 Cromwell Way,2026,3,6,25,31,0.8065,261.76,211.10,6544.09
612f8f8e7f2b45002ce6a9f5,485 Cromwell Way,2026,4,8,23,30,0.7667,417.02,319.71,9591.45
612f8f8e7f2b45002ce6a9f5,485 Cromwell Way,2026,5,6,25,31,0.8065,377.11,304.12,9427.63
612f8f8e7f2b45002ce6a9f5,485 Cromwell Way,2026,6,6,22,30,0.7333,431.78,316.64,9499.14
612f8f8e7f2b45002ce6a9f5,485 Cromwell Way,2026,7,8,27,31,0.8710,320.36,279.03,8649.81
612f8f8e7f2b45002ce6a9f5,485 Cromwell Way,2026,8,4,32,31,1.0000,214.62,221.54,6867.83
64aeb90d14fd0b00355fb248,341 Sherman Ave,2024,9,7,22,30,0.7333,781.98,573.45,17203.52
64aeb90d14fd0b00355fb248,341 Sherman Ave,2024,10,6,26,31,0.8387,860.09,721.37,22362.43
64aeb90d14fd0b00355fb248,341 Sherman Ave,2024,11,6,21,30,0.7000,617.89,432.52,12975.74
64aeb90d14fd0b00355fb248,341 Sherman Ave,2024,12,6,31,31,1.0000,368.76,368.76,11431.52
64aeb90d14fd0b00355fb248,341 Sherman Ave,2025,1,4,10,31,0.3226,598.94,193.21,5989.41
64aeb90d14fd0b00355fb248,341 Sherman Ave,2025,2,6,21,28,0.7500,420.07,315.05,8821.44
64aeb90d14fd0b00355fb248,341 Sherman Ave,2025,3,7,22,31,0.7097,544.00,386.06,11967.90
64aeb90d14fd0b00355fb248,341 Sherman Ave,2025,4,5,19,30,0.6333,940.32,595.54,17866.13
64aeb90d14fd0b00355fb248,341 Sherman Ave,2025,5,5,22,31,0.7097,770.07,546.50,16941.64
64aeb90d14fd0b00355fb248,341 Sherman Ave,2025,6,4,28,30,0.9333,527.52,492.35,14770.45
64aeb90d14fd0b00355fb248,341 Sherman Ave,2025,7,8,33,31,1.0000,484.14,515.37,15976.57
64aeb90d14fd0b00355fb248,341 Sherman Ave,2025,8,3,23,31,0.7419,508.79,377.49,11702.20
64aeb90d14fd0b00355fb248,341 Sherman Ave,2025,9,5,23,30,0.7667,588.30,451.03,13530.96
64aeb90d14fd0b00355fb248,341 Sherman Ave,2025,10,7,27,31,0.8710,976.09,850.14,26354.45
64aeb90d14fd0b00355fb248,341 Sherman Ave,2025,11,5,19,30,0.6333,479.94,303.96,9118.87
64aeb90d14fd0b00355fb248,341 Sherman Ave,2025,12,6,29,31,0.9355,428.90,401.22,12437.97
64aeb90d14fd0b00355fb248,341 Sherman Ave,2026,1,4,25,31,0.8065,302.57,244.01,7564.27
64aeb90d14fd0b00355fb248,341 Sherman Ave,2026,2,4,47,28,1.0000,300.89,505.06,14141.66
64aeb90d14fd0b00355fb248,341 Sherman Ave,2026,3,2,6,31,0.1935,636.99,123.29,3821.93
64aeb90d14fd0b00355fb248,341 Sherman Ave,2026,4,9,30,30,1.0000,767.42,767.42,23022.69
64aeb90d14fd0b00355fb248,341 Sherman Ave,2026,5,4,18,31,0.5806,851.21,494.25,15321.86
64aeb90d14fd0b00355fb248,341 Sherman Ave,2026,6,7,23,30,0.7667,880.11,674.75,20242.52
64aeb90d14fd0b00355fb248,341 Sherman Ave,2026,7,8,23,31,0.7419,457.76,339.63,10528.40
64aeb90d14fd0b00355fb248,341 Sherman Ave,2026,8,7,32,31,1.0000,475.99,491.35,15231.81
621807ca36872800321be39b,1810 Clays Mill Rd,2024,9,6,26,30,0.8667,846.49,733.63,22008.84
621807ca36872800321be39b,1810 Clays Mill Rd,2024,10,7,20,31,0.6452,1010.66,652.04,20213.29
621807ca36872800321be39b,1810 Clays Mill Rd,2024,11,6,22,30,0.7333,604.70,443.45,13303.41
621807ca36872800321be39b,1810 Clays Mill Rd,2024,12,6,28,31,0.9032,402.21,363.29,11261.96
621807ca36872800321be39b,1810 Clays Mill Rd,2025,1,1,57,31,1.0000,300.87,553.21,17149.44
621807ca36872800321be39b,1810 Clays Mill Rd,2025,2,0,0,28,0.0000,,0.00,0.00
621807ca36872800321be39b,1810 Clays Mill Rd,2025,3,5,30,31,0.9677,577.58,558.95,17327.32
621807ca36872800321be39b,1810 Clays Mill Rd,2025,4,8,27,30,0.9000,889.39,800.46,24013.66
621807ca36872800321be39b,1810 Clays Mill Rd,2025,5,5,21,31,0.6774,589.95,399.64,12388.95
621807ca36872800321be39b,1810 Clays Mill Rd,2025,6,8,23,30,0.7667,532.89,408.55,12256.58
621807ca36872800321be39b,1810 Clays Mill Rd,2025,7,7,32,31,1.0000,503.69,519.93,16117.93
621807ca36872800321be39b,1810 Clays Mill Rd,2025,8,5,19,31,0.6129,564.24,345.82,10720.55
621807ca36872800321be39b,1810 Clays Mill Rd,2025,9,6,21,30,0.7000,683.35,478.34,14350.32
621807ca36872800321be39b,1810 Clays Mill Rd,2025,10,8,22,31,0.7097,1258.67,893.25,27690.68
621807ca36872800321be39b,1810 Clays Mill Rd,2025,11,7,19,30,0.6333,768.35,486.62,14598.62
621807ca36872800321be39b,1810 Clays Mill Rd,2025,12,5,18,31,0.5806,496.22,288.13,8931.91
621807ca36872800321be39b,1810 Clays Mill Rd,2026,1,7,23,31,0.7419,390.24,289.53,8975.52
621807ca36872800321be39b,1810 Clays Mill Rd,2026,2,7,19,28,0.6786,467.69,317.36,8886.04
621807ca36872800321be39b,1810 Clays Mill Rd,2026,3,7,23,31,0.7419,512.96,380.58,11798.08
621807ca36872800321be39b,1810 Clays Mill Rd,2026,4,9,28,30,0.9333,794.78,741.80,22253.96
621807ca36872800321be39b,1810 Clays Mill Rd,2026,5,7,21,31,0.6774,759.15,514.26,15942.14
621807ca36872800321be39b,1810 Clays Mill Rd,2026,6,9,27,30,0.9000,764.95,688.46,20653.78
621807ca36872800321be39b,1810 Clays Mill Rd,2026,7,6,21,31,0.6774,771.46,522.60,16200.63
621807ca36872800321be39b,1810 Clays Mill Rd,2026,8,7,29,31,0.9355,650.64,608.67,18868.66
627e5f92315c0400325919d4,353 Owsley Ave,2024,9,9,25,30,0.8333,635.47,529.56,15886.81
627e5f92315c0400325919d4,353 Owsley Ave,2024,10,8,25,31,0.8065,790.78,637.72,19769.44
627e5f92315c0400325919d4,353 Owsley Ave,2024,11,6,20,30,0.6667,495.92,330.61,9918.33
627e5f92315c0400325919d4,353 Owsley Ave,2024,12,5,22,31,0.7097,394.82,280.19,8685.95
627e5f92315c0400325919d4,353 Owsley Ave,2025,1,4,16,31,0.5161,350.82,181.07,5613.07
627e5f92315c0400325919d4,353 Owsley Ave,2025,2,5,18,28,0.6429,438.08,281.62,7885.44
627e5f92315c0400325919d4,353 Owsley Ave,2025,3,7,27,31,0.8710,524.36,456.70,14157.77
627e5f92315c0400325919d4,353 Owsley Ave,2025,4,7,19,30,0.6333,789.03,499.72,14991.52
627e5f92315c0400325919d4,353 Owsley Ave,2025,5,9,24,31,0.7742,589.86,456.67,14156.69
627e5f92315c0400325919d4,353 Owsley Ave,2025,6,3,21,30,0.7000,570.74,399.52,11985.52
627e5f92315c0400325919d4,353 Owsley Ave,2025,7,7,27,31,0.8710,364.14,317.16,9831.82
627e5f92315c0400325919d4,353 Owsley Ave,2025,8,8,27,31,0.8710,526.52,458.59,14216.17
627e5f92315c0400325919d4,353 Owsley Ave,2025,9,5,25,30,0.8333,559.21,466.01,13980.31
627e5f92315c0400325919d4,353 Owsley Ave,2025,10,8,22,31,0.7097,887.45,629.80,19523.88
627e5f92315c0400325919d4,353 Owsley Ave,2025,11,6,22,30,0.7333,531.22,389.56,11686.88
627e5f92315c0400325919d4,353 Owsley Ave,2025,12,6,24,31,0.7742,510.03,394.86,12240.68
627e5f92315c0400325919d4,353 Owsley Ave,2026,1,5,15,31,0.4839,338.55,163.81,5078.26
627e5f92315c0400325919d4,353 Owsley Ave,2026,2,6,26,28,0.9286,301.60,280.05,7841.47
627e5f92315c0400325919d4,353 Owsley Ave,2026,3,8,21,31,0.6774,474.13,321.18,9956.63
627e5f92315c0400325919d4,353 Owsley Ave,2026,4,10,25,30,0.8333,642.11,535.10,16052.87
627e5f92315c0400325919d4,353 Owsley Ave,2026,5,7,21,31,0.6774,672.67,455.68,14125.98
627e5f92315c0400325919d4,353 Owsley Ave,2026,6,6,31,30,1.0000,593.25,613.03,18390.86
627e5f92315c0400325919d4,353 Owsley Ave,2026,7,7,26,31,0.8387,505.11,423.64,13132.74
627e5f92315c0400325919d4,353 Owsley Ave,2026,8,8,26,31,0.8387,433.18,363.31,11262.71
63c184e179b131003840d916,340 Lincoln Ave,2024,9,7,20,30,0.6667,675.89,450.59,13517.71
63c184e179b131003840d916,340 Lincoln Ave,2024,10,9,30,31,0.9677,871.93,843.81,26158.03
63c184e179b131003840d916,340 Lincoln Ave,2024,11,9,24,30,0.8000,618.26,494.61,14838.22
63c184e179b131003840d916,340 Lincoln Ave,2024,12,7,22,31,0.7097,503.01,356.98,11066.32
63c184e179b131003840d916,340 Lincoln Ave,2025,1,8,21,31,0.6774,670.54,454.23,14081.28
63c184e179b131003840d916,340 Lincoln Ave,2025,2,9,23,28,0.8214,491.69,403.89,11308.79
63c184e179b131003840d916,340 Lincoln Ave,2025,3,8,29,31,0.9355,603.29,564.37,17495.44
63c184e179b131003840d916,340 Lincoln Ave,2025,4,8,23,30,0.7667,831.47,637.46,19123.71
63c184e179b131003840d916,340 Lincoln Ave,2025,5,9,29,31,0.9355,990.04,926.17,28711.15
63c184e179b131003840d916,340 Lincoln Ave,2025,6,9,28,30,0.9333,765.61,714.57,21437.02
63c184e179b131003840d916,340 Lincoln Ave,2025,7,9,26,31,0.8387,643.15,539.42,16721.89
63c184e179b131003840d916,340 Lincoln Ave,2025,8,7,23,31,0.7419,891.19,661.21,20497.36
63c184e179b131003840d916,340 Lincoln Ave,2025,9,8,25,30,0.8333,768.67,640.56,19216.65
63c184e179b131003840d916,340 Lincoln Ave,2025,10,8,24,31,0.7742,1113.45,862.02,26722.71
63c184e179b131003840d916,340 Lincoln Ave,2025,11,6,21,30,0.7000,658.79,461.16,13834.67
63c184e179b131003840d916,340 Lincoln Ave,2025,12,6,21,31,0.6774,692.50,469.11,14542.49
63c184e179b131003840d916,340 Lincoln Ave,2026,1,5,22,31,0.7097,337.23,239.33,7419.17
63c184e179b131003840d916,340 Lincoln Ave,2026,2,4,16,28,0.5714,700.20,400.12,11203.27
63c184e179b131003840d916,340 Lincoln Ave,2026,3,7,22,31,0.7097,594.58,421.96,13080.78
63c184e179b131003840d916,340 Lincoln Ave,2026,4,9,24,30,0.8000,1224.97,979.98,29399.25
63c184e179b131003840d916,340 Lincoln Ave,2026,5,9,26,31,0.8387,779.32,653.62,20262.27
63c184e179b131003840d916,340 Lincoln Ave,2026,6,8,26,30,0.8667,814.33,705.75,21172.59
63c184e179b131003840d916,340 Lincoln Ave,2026,7,6,25,31,0.8065,686.75,553.83,17168.87
63c184e179b131003840d916,340 Lincoln Ave,2026,8,7,25,31,0.8065,531.11,428.31,13277.67
62c1db166e44610032138352,468 N MLK,2024,9,5,14,30,0.4667,1054.05,491.89,14756.76
62c1db166e44610032138352,468 N MLK,2024,10,7,20,31,0.6452,1432.99,924.51,28659.74
62c1db166e44610032138352,468 N MLK,2024,11,5,14,30,0.4667,580.77,271.02,8130.72
62c1db166e44610032138352,468 N MLK,2024,12,7,22,31,0.7097,552.03,391.76,12144.65
62c1db166e44610032138352,468 N MLK,2025,1,5,14,31,0.4516,484.96,219.01,6789.37
62c1db166e44610032138352,468 N MLK,2025,2,5,19,28,0.6786,411.09,278.95,7810.62
62c1db166e44610032138352,468 N MLK,2025,3,7,22,31,0.7097,596.81,423.54,13129.86
62c1db166e44610032138352,468 N MLK,2025,4,5,20,30,0.6667,984.80,656.53,19696.03
62c1db166e44610032138352,468 N MLK,2025,5,5,18,31,0.5806,833.06,483.71,14995.00
62c1db166e44610032138352,468 N MLK,2025,6,6,23,30,0.7667,691.67,530.28,15908.36
62c1db166e44610032138352,468 N MLK,2025,7,7,28,31,0.9032,545.86,493.03,15284.00
62c1db166e44610032138352,468 N MLK,2025,8,6,21,31,0.6774,652.40,441.95,13700.36
62c1db166e44610032138352,468 N MLK,2025,9,6,19,30,0.6333,749.69,474.81,14244.16
62c1db166e44610032138352,468 N MLK,2025,10,7,28,31,0.9032,871.53,787.19,24402.82
62c1db166e44610032138352,468 N MLK,2025,11,9,24,30,0.8000,609.86,487.89,14636.66
62c1db166e44610032138352,468 N MLK,2025,12,6,24,31,0.7742,495.69,383.76,11896.67
62c1db166e44610032138352,468 N MLK,2026,1,5,17,31,0.5484,443.20,243.05,7534.40
62c1db166e44610032138352,468 N MLK,2026,2,5,16,28,0.5714,455.86,260.49,7293.81
62c1db166e44610032138352,468 N MLK,2026,3,6,22,31,0.7097,499.86,354.74,10996.89
62c1db166e44610032138352,468 N MLK,2026,4,8,22,30,0.7333,1067.72,783.00,23489.87
62c1db166e44610032138352,468 N MLK,2026,5,4,12,31,0.3871,979.98,379.35,11759.71
62c1db166e44610032138352,468 N MLK,2026,6,6,28,30,0.9333,756.96,706.49,21194.75
62c1db166e44610032138352,468 N MLK,2026,7,6,20,31,0.6452,629.15,405.90,12582.95
62c1db166e44610032138352,468 N MLK,2026,8,6,27,31,0.8710,556.50,484.70,15025.57
612f903744667c003131de02,617 Stratford Dr,2024,9,6,24,30,0.8000,217.17,173.74,5212.14
612f903744667c003131de02,617 Stratford Dr,2024,10,7,30,31,0.9677,244.24,236.36,7327.27
612f903744667c003131de02,617 Stratford Dr,2024,11,4,24,30,0.8000,150.28,120.23,3606.79
612f903744667c003131de02,617 Stratford Dr,2024,12,4,17,31,0.5484,176.34,96.70,2997.71
612f903744667c003131de02,617 Stratford Dr,2025,1,1,58,31,1.0000,105.37,197.13,6111.18
612f903744667c003131de02,617 Stratford Dr,2025,2,0,0,28,0.0000,,0.00,0.00
612f903744667c003131de02,617 Stratford Dr,2025,3,4,29,31,0.9355,162.55,152.06,4713.99
612f903744667c003131de02,617 Stratford Dr,2025,4,6,15,30,0.5000,408.30,204.15,6124.53
612f903744667c003131de02,617 Stratford Dr,2025,5,6,22,31,0.7097,291.32,206.74,6408.95
612f903744667c003131de02,617 Stratford Dr,2025,6,2,29,30,0.9667,122.61,118.52,3555.70
612f903744667c003131de02,617 Stratford Dr,2025,7,7,27,31,0.8710,201.13,175.18,5430.47
612f903744667c003131de02,617 Stratford Dr,2025,8,8,36,31,1.0000,188.27,218.63,6777.67
612f903744667c003131de02,617 Stratford Dr,2025,9,3,29,30,0.9667,153.92,148.79,4463.66
612f903744667c003131de02,617 Stratford Dr,2025,10,5,27,31,0.8710,247.97,215.97,6695.18
612f903744667c003131de02,617 Stratford Dr,2025,11,4,13,30,0.4333,240.15,104.07,3121.98
612f903744667c003131de02,617 Stratford Dr,2025,12,4,15,31,0.4839,172.89,83.65,2593.28
612f903744667c003131de02,617 Stratford Dr,2026,1,2,5,31,0.1613,335.40,54.10,1677.01
612f903744667c003131de02,617 Stratford Dr,2026,2,3,20,28,0.7143,150.27,107.33,3005.33
612f903744667c003131de02,617 Stratford Dr,2026,3,4,20,31,0.6452,166.60,107.48,3331.92
612f903744667c003131de02,617 Stratford Dr,2026,4,6,25,30,0.8333,227.19,189.33,5679.82
612f903744667c003131de02,617 Stratford Dr,2026,5,4,25,31,0.8065,212.69,171.52,5317.21
612f903744667c003131de02,617 Stratford Dr,2026,6,3,42,30,1.0000,188.84,264.37,7931.20
612f903744667c003131de02,617 Stratford Dr,2026,7,3,13,31,0.4194,241.15,101.13,3134.98
612f903744667c003131de02,617 Stratford Dr,2026,8,6,28,31,0.9032,185.78,167.80,5201.95
612f8f9fd82e24002f2559c1,270 Hill N Dale Dr,2024,9,8,24,30,0.8000,415.38,332.31,9969.24
612f8f9fd82e24002f2559c1,270 Hill N Dale Dr,2024,10,8,24,31,0.7742,671.82,520.12,16123.61
612f8f9fd82e24002f2559c1,270 Hill N Dale Dr,2024,11,7,23,30,0.7667,402.03,308.22,9246.73
612f8f9fd82e24002f2559c1,270 Hill N Dale Dr,2024,12,5,20,31,0.6452,327.94,211.58,6558.85
612f8f9fd82e24002f2559c1,270 Hill N Dale Dr,2025,1,5,13,31,0.4194,346.94,145.49,4510.27
612f8f9fd82e24002f2559c1,270 Hill N Dale Dr,2025,2,5,14,28,0.5000,299.70,149.85,4195.81
612f8f9fd82e24002f2559c1,270 Hill N Dale Dr,2025,3,8,23,31,0.7419,396.08,293.87,9109.83
612f8f9fd82e24002f2559c1,270 Hill N Dale Dr,2025,4,7,22,30,0.7333,647.10,474.54,14236.29
612f8f9fd82e24002f2559c1,270 Hill N Dale Dr,2025,5,8,23,31,0.7419,545.19,404.50,12539.35
612f8f9fd82e24002f2559c1,270 Hill N Dale Dr,2025,6,11,31,30,1.0000,389.00,401.96,12058.90
612f8f9fd82e24002f2559c1,270 Hill N Dale Dr,2025,7,8,27,31,0.8710,471.95,411.06,12742.77
612f8f9fd82e24002f2559c1,270 Hill N Dale Dr,2025,8,7,20,31,0.6452,371.92,239.95,7438.40
612f8f9fd82e24002f2559c1,270 Hill N Dale Dr,2025,9,6,16,30,0.5333,531.91,283.69,8510.62
612f8f9fd82e24002f2559c1,270 Hill N Dale Dr,2025,10,7,25,31,0.8065,686.05,553.26,17151.15
612f8f9fd82e24002f2559c1,270 Hill N Dale Dr,2025,11,5,17,30,0.5667,429.04,243.12,7293.62
612f8f9fd82e24002f2559c1,270 Hill N Dale Dr,2025,12,7,24,31,0.7742,346.45,268.22,8314.77
612f8f9fd82e24002f2559c1,270 Hill N Dale Dr,2026,1,5,15,31,0.4839,217.66,105.32,3264.91
612f8f9fd82e24002f2559c1,270 Hill N Dale Dr,2026,2,8,25,28,0.8929,245.50,219.19,6137.41
612f8f9fd82e24002f2559c1,270 Hill N Dale Dr,2026,3,8,21,31,0.6774,355.49,240.82,7465.28
612f8f9fd82e24002f2559c1,270 Hill N Dale Dr,2026,4,8,22,30,0.7333,579.44,424.93,12747.76
612f8f9fd82e24002f2559c1,270 Hill N Dale Dr,2026,5,6,18,31,0.5806,464.93,269.96,8368.70
612f8f9fd82e24002f2559c1,270 Hill N Dale Dr,2026,6,9,29,30,0.9667,418.07,404.14,12124.10
612f8f9fd82e24002f2559c1,270 Hill N Dale Dr,2026,7,7,28,31,0.9032,305.59,276.02,8556.51
612f8f9fd82e24002f2559c1,270 Hill N Dale Dr,2026,8,7,26,31,0.8387,331.79,278.27,8626.45
61805d5df96837002f3df4c4,336 Owsley Ave,2024,9,5,22,30,0.7333,537.85,394.42,11832.59
61805d5df96837002f3df4c4,336 Owsley Ave,2024,10,9,25,31,0.8065,902.13,727.52,22553.27
61805d5df96837002f3df4c4,336 Owsley Ave,2024,11,8,25,30,0.8333,520.38,433.65,13009.59
61805d5df96837002f3df4c4,336 Owsley Ave,2024,12,5,18,31,0.5806,517.25,300.34,9310.42
61805d5df96837002f3df4c4,336 Owsley Ave,2025,1,5,15,31,0.4839,355.61,172.07,5334.22
61805d5df96837002f3df4c4,336 Owsley Ave,2025,2,4,13,28,0.4643,465.60,216.17,6052.75
61805d5df96837002f3df4c4,336 Owsley Ave,2025,3,9,30,31,0.9677,503.98,487.73,15119.51
61805d5df96837002f3df4c4,336 Owsley Ave,2025,4,5,19,30,0.6333,911.68,577.40,17321.86
61805d5df96837002f3df4c4,336 Owsley Ave,2025,5,7,21,31,0.6774,691.89,468.70,14529.78
61805d5df96837002f3df4c4,336 Owsley Ave,2025,6,9,27,30,0.9000,529.05,476.14,14284.34
61805d5df96837002f3df4c4,336 Owsley Ave,2025,7,8,33,31,1.0000,613.21,652.77,20236.02
61805d5df96837002f3df4c4,336 Owsley Ave,2025,8,4,15,31,0.4839,526.66,254.84,7899.96
61805d5df96837002f3df4c4,336 Owsley Ave,2025,9,8,27,30,0.9000,533.92,480.53,14415.91
61805d5df96837002f3df4c4,336 Owsley Ave,2025,10,8,29,31,0.9355,895.69,837.91,25975.13
61805d5df96837002f3df4c4,336 Owsley Ave,2025,11,7,20,30,0.6667,590.18,393.45,11803.60
61805d5df96837002f3df4c4,336 Owsley Ave,2025,12,6,23,31,0.7419,400.91,297.45,9221.00
61805d5df96837002f3df4c4,336 Owsley Ave,2026,1,3,20,31,0.6452,249.84,161.19,4996.74
61805d5df96837002f3df4c4,336 Owsley Ave,2026,2,3,6,28,0.2143,715.36,153.29,4292.14
61805d5df96837002f3df4c4,336 Owsley Ave,2026,3,8,25,31,0.8065,513.50,414.11,12837.45
61805d5df96837002f3df4c4,336 Owsley Ave,2026,4,7,21,30,0.7000,753.57,527.50,15824.97
61805d5df96837002f3df4c4,336 Owsley Ave,2026,5,6,21,31,0.6774,693.74,469.96,14568.63
61805d5df96837002f3df4c4,336 Owsley Ave,2026,6,7,21,30,0.7000,809.58,566.71,17001.22
61805d5df96837002f3df4c4,336 Owsley Ave,2026,7,6,23,31,0.7419,450.58,334.30,10363.39
61805d5df96837002f3df4c4,336 Owsley Ave,2026,8,6,26,31,0.8387,504.60,423.21,13119.65
612f90367f2b45002ce6d271,668 Springridge Dr,2024,9,8,21,30,0.7000,569.55,398.68,11960.53
612f90367f2b45002ce6d271,668 Springridge Dr,2024,10,9,25,31,0.8065,749.48,604.42,18736.94
612f90367f2b45002ce6d271,668 Springridge Dr,2024,11,7,22,30,0.7333,519.78,381.17,11435.19
612f90367f2b45002ce6d271,668 Springridge Dr,2024,12,7,21,31,0.6774,472.05,319.77,9912.98
612f90367f2b45002ce6d271,668 Springridge Dr,2025,1,5,18,31,0.5806,302.88,175.87,5451.89
612f90367f2b45002ce6d271,668 Springridge Dr,2025,2,2,42,28,1.0000,243.46,365.19,10225.44
612f90367f2b45002ce6d271,668 Springridge Dr,2025,3,4,13,31,0.4194,610.34,255.95,7934.39
612f90367f2b45002ce6d271,668 Springridge Dr,2025,4,6,19,30,0.6333,781.73,495.10,14852.93
612f90367f2b45002ce6d271,668 Springridge Dr,2025,5,6,29,31,0.9355,439.32,410.97,12740.18
612f90367f2b45002ce6d271,668 Springridge Dr,2025,6,8,31,30,1.0000,567.37,586.28,17588.47
612f90367f2b45002ce6d271,668 Springridge Dr,2025,7,7,25,31,0.8065,476.84,384.55,11921.12
612f90367f2b45002ce6d271,668 Springridge Dr,2025,8,7,24,31,0.7742,406.65,314.83,9759.59
612f90367f2b45002ce6d271,668 Springridge Dr,2025,9,7,24,30,0.8000,450.45,360.36,10810.74
612f90367f2b45002ce6d271,668 Springridge Dr,2025,10,8,23,31,0.7419,841.38,624.25,19351.68
612f90367f2b45002ce6d271,668 Springridge Dr,2025,11,3,16,30,0.5333,418.12,222.99,6689.84
612f90367f2b45002ce6d271,668 Springridge Dr,2025,12,8,23,31,0.7419,392.95,291.54,9037.76
612f90367f2b45002ce6d271,668 Springridge Dr,2026,1,0,0,31,0.0000,,0.00,0.00
612f90367f2b45002ce6d271,668 Springridge Dr,2026,2,4,10,28,0.3571,410.26,146.52,4102.56
612f90367f2b45002ce6d271,668 Springridge Dr,2026,3,8,26,31,0.8387,368.07,308.70,9569.83
612f90367f2b45002ce6d271,668 Springridge Dr,2026,4,7,21,30,0.7000,602.23,421.56,12646.92
612f90367f2b45002ce6d271,668 Springridge Dr,2026,5,6,21,31,0.6774,612.72,415.07,12867.18
612f90367f2b45002ce6d271,668 Springridge Dr,2026,6,6,23,30,0.7667,596.31,457.17,13715.15
612f90367f2b45002ce6d271,668 Springridge Dr,2026,7,7,27,31,0.8710,492.80,429.22,13305.68
612f90367f2b45002ce6d271,668 Springridge Dr,2026,8,8,26,31,0.8387,353.13,296.18,9181.49
612f8f947f2b45002ce6af09,687 Hill N Dale Rd,2024,9,7,22,30,0.7333,536.44,393.39,11801.65
612f8f947f2b45002ce6af09,687 Hill N Dale Rd,2024,10,7,23,31,0.7419,948.03,703.38,21804.63
612f8f947f2b45002ce6af09,687 Hill N Dale Rd,2024,11,7,24,30,0.8000,459.32,367.46,11023.76
612f8f947f2b45002ce6af09,687 Hill N Dale Rd,2024,12,5,20,31,0.6452,387.81,250.20,7756.23
612f8f947f2b45002ce6af09,687 Hill N Dale Rd,2025,1,5,16,31,0.5161,371.58,191.78,5945.28
612f8f947f2b45002ce6af09,687 Hill N Dale Rd,2025,2,7,19,28,0.6786,372.63,252.85,7079.90
612f8f947f2b45002ce6af09,687 Hill N Dale Rd,2025,3,6,21,31,0.6774,384.10,260.19,8066.00
612f8f947f2b45002ce6af09,687 Hill N Dale Rd,2025,4,4,11,30,0.3667,1141.52,418.56,12556.77
612f8f947f2b45002ce6af09,687 Hill N Dale Rd,2025,5,5,21,31,0.6774,684.44,463.65,14373.25
612f8f947f2b45002ce6af09,687 Hill N Dale Rd,2025,6,7,23,30,0.7667,443.87,340.30,10209.00
612f8f947f2b45002ce6af09,687 Hill N Dale Rd,2025,7,6,30,31,0.9677,513.51,496.94,15405.24
612f8f947f2b45002ce6af09,687 Hill N Dale Rd,2025,8,3,20,31,0.6452,439.22,283.37,8784.45
612f8f947f2b45002ce6af09,687 Hill N Dale Rd,2025,9,6,27,30,0.9000,542.57,488.32,14649.50
612f8f947f2b45002ce6af09,687 Hill N Dale Rd,2025,10,9,24,31,0.7742,769.25,595.55,18461.94
612f8f947f2b45002ce6af09,687 Hill N Dale Rd,2025,11,7,28,30,0.9333,520.68,485.97,14578.96
612f8f947f2b45002ce6af09,687 Hill N Dale Rd,2025,12,5,21,31,0.6774,456.95,309.55,9595.92
612f8f947f2b45002ce6af09,687 Hill N Dale Rd,2026,1,5,13,31,0.4194,274.96,115.31,3574.49
612f8f947f2b45002ce6af09,687 Hill N Dale Rd,2026,2,4,15,28,0.5357,373.66,200.18,5604.91
612f8f947f2b45002ce6af09,687 Hill N Dale Rd,2026,3,8,25,31,0.8065,389.67,314.25,9741.82
612f8f947f2b45002ce6af09,687 Hill N Dale Rd,2026,4,8,20,30,0.6667,789.93,526.62,15798.67
612f8f947f2b45002ce6af09,687 Hill N Dale Rd,2026,5,5,13,31,0.4194,968.29,406.06,12587.78
612f8f947f2b45002ce6af09,687 Hill N Dale Rd,2026,6,8,29,30,0.9667,503.48,486.70,14600.97
612f8f947f2b45002ce6af09,687 Hill N Dale Rd,2026,7,5,22,31,0.7097,362.05,256.94,7965.07
612f8f947f2b45002ce6af09,687 Hill N Dale Rd,2026,8,3,22,31,0.7097,419.94,298.02,9238.72
684ad0a066e4f400133871e1,720 W Short St,2024,9,0,0,30,0.0000,,0.00,0.00
684ad0a066e4f400133871e1,720 W Short St,2024,10,0,0,31,0.0000,,0.00,0.00
684ad0a066e4f400133871e1,720 W Short St,2024,11,0,0,30,0.0000,,0.00,0.00
684ad0a066e4f400133871e1,720 W Short St,2024,12,0,0,31,0.0000,,0.00,0.00
684ad0a066e4f400133871e1,720 W Short St,2025,1,0,0,31,0.0000,,0.00,0.00
684ad0a066e4f400133871e1,720 W Short St,2025,2,0,0,28,0.0000,,0.00,0.00
684ad0a066e4f400133871e1,720 W Short St,2025,3,0,0,31,0.0000,,0.00,0.00
684ad0a066e4f400133871e1,720 W Short St,2025,4,0,0,30,0.0000,,0.00,0.00
684ad0a066e4f400133871e1,720 W Short St,2025,5,0,0,31,0.0000,,0.00,0.00
684ad0a066e4f400133871e1,720 W Short St,2025,6,2,18,30,0.6000,217.88,130.73,3921.78
684ad0a066e4f400133871e1,720 W Short St,2025,7,5,15,31,0.4839,323.92,156.74,4858.81
684ad0a066e4f400133871e1,720 W Short St,2025,8,4,17,31,0.5484,307.10,168.41,5220.66
684ad0a066e4f400133871e1,720 W Short St,2025,9,7,17,30,0.5667,469.04,265.79,7973.61
684ad0a066e4f400133871e1,720 W Short St,2025,10,7,22,31,0.7097,464.24,329.46,10213.22
684ad0a066e4f400133871e1,720 W Short St,2025,11,4,14,30,0.4667,400.91,187.09,5612.68
684ad0a066e4f400133871e1,720 W Short St,2025,12,4,20,31,0.6452,324.91,209.62,6498.12
684ad0a066e4f400133871e1,720 W Short St,2026,1,3,8,31,0.2581,364.93,94.18,2919.47
684ad0a066e4f400133871e1,720 W Short St,2026,2,4,9,28,0.3214,397.03,127.62,3573.31
684ad0a066e4f400133871e1,720 W Short St,2026,3,6,18,31,0.5806,389.18,225.97,7005.16
684ad0a066e4f400133871e1,720 W Short St,2026,4,7,24,30,0.8000,466.31,373.05,11191.41
684ad0a066e4f400133871e1,720 W Short St,2026,5,5,17,31,0.5484,494.59,271.22,8407.97
684ad0a066e4f400133871e1,720 W Short St,2026,6,4,24,30,0.8000,464.59,371.67,11150.06
684ad0a066e4f400133871e1,720 W Short St,2026,7,9,23,31,0.7419,364.18,270.20,8376.18
684ad0a066e4f400133871e1,720 W Short St,2026,8,6,23,31,0.7419,442.36,328.20,10174.30
612f903e7f2b45002ce6d8ab,834 Melrose Ave,2024,9,10,22,30,0.7333,479.45,351.60,10548.01
612f903e7f2b45002ce6d8ab,834 Melrose Ave,2024,10,9,27,31,0.8710,668.93,582.62,18061.13
612f903e7f2b45002ce6d8ab,834 Melrose Ave,2024,11,6,21,30,0.7000,361.54,253.08,7592.44
612f903e7f2b45002ce6d8ab,834 Melrose Ave,2024,12,7,23,31,0.7419,307.88,228.42,7081.16
612f903e7f2b45002ce6d8ab,834 Melrose Ave,2025,1,6,30,31,0.9677,265.64,257.07,7969.10
612f903e7f2b45002ce6d8ab,834 Melrose Ave,2025,2,5,20,28,0.7143,340.43,243.16,6808.50
612f903e7f2b45002ce6d8ab,834 Melrose Ave,2025,3,7,24,31,0.7742,392.64,303.98,9423.36
612f903e7f2b45002ce6d8ab,834 Melrose Ave,2025,4,7,22,30,0.7333,649.31,476.16,14284.75
612f903e7f2b45002ce6d8ab,834 Melrose Ave,2025,5,9,30,31,0.9677,526.39,509.41,15791.76
612f903e7f2b45002ce6d8ab,834 Melrose Ave,2025,6,8,24,30,0.8000,467.81,374.25,11227.53
612f903e7f2b45002ce6d8ab,834 Melrose Ave,2025,7,10,26,31,0.8387,468.29,392.76,12175.63
612f903e7f2b45002ce6d8ab,834 Melrose Ave,2025,8,7,26,31,0.8387,463.99,389.15,12063.61
612f903e7f2b45002ce6d8ab,834 Melrose Ave,2025,9,2,28,30,0.9333,326.61,304.84,9145.21
612f903e7f2b45002ce6d8ab,834 Melrose Ave,2025,10,9,24,31,0.7742,681.75,527.80,16361.91
612f903e7f2b45002ce6d8ab,834 Melrose Ave,2025,11,10,28,30,0.9333,420.26,392.24,11767.16
612f903e7f2b45002ce6d8ab,834 Melrose Ave,2025,12,6,27,31,0.8710,348.16,303.24,9400.35
612f903e7f2b45002ce6d8ab,834 Melrose Ave,2026,1,8,25,31,0.8065,209.29,168.78,5232.32
612f903e7f2b45002ce6d8ab,834 Melrose Ave,2026,2,7,19,28,0.6786,329.06,223.29,6252.20
612f903e7f2b45002ce6d8ab,834 Melrose Ave,2026,3,7,24,31,0.7742,362.87,280.93,8708.88
612f903e7f2b45002ce6d8ab,834 Melrose Ave,2026,4,9,26,30,0.8667,451.65,391.43,11742.96
612f903e7f2b45002ce6d8ab,834 Melrose Ave,2026,5,8,29,31,0.9355,408.22,381.88,11838.26
612f903e7f2b45002ce6d8ab,834 Melrose Ave,2026,6,8,25,30,0.8333,492.11,410.09,12302.82
612f903e7f2b45002ce6d8ab,834 Melrose Ave,2026,7,7,31,31,1.0000,406.31,406.31,12595.48
612f903e7f2b45002ce6d8ab,834 Melrose Ave,2026,8,10,30,31,0.9677,399.69,386.80,11990.83
612f8f5a450c7f0031879d72,3141 Lamar Dr,2024,9,5,23,30,0.7667,544.65,417.57,12527.05
612f8f5a450c7f0031879d72,3141 Lamar Dr,2024,10,6,24,31,0.7742,1163.54,900.80,27924.91
612f8f5a450c7f0031879d72,3141 Lamar Dr,2024,11,6,22,30,0.7333,617.57,452.88,13586.52
612f8f5a450c7f0031879d72,3141 Lamar Dr,2024,12,6,26,31,0.8387,416.09,348.97,10818.22
612f8f5a450c7f0031879d72,3141 Lamar Dr,2025,1,5,14,31,0.4516,443.80,200.43,6213.23
612f8f5a450c7f0031879d72,3141 Lamar Dr,2025,2,5,12,28,0.4286,452.22,193.81,5426.67
612f8f5a450c7f0031879d72,3141 Lamar Dr,2025,3,7,25,31,0.8065,513.01,413.71,12825.16
612f8f5a450c7f0031879d72,3141 Lamar Dr,2025,4,8,27,30,0.9000,859.16,773.25,23197.35
612f8f5a450c7f0031879d72,3141 Lamar Dr,2025,5,8,23,31,0.7419,755.16,560.28,17368.73
612f8f5a450c7f0031879d72,3141 Lamar Dr,2025,6,7,28,30,0.9333,572.74,534.56,16036.80
612f8f5a450c7f0031879d72,3141 Lamar Dr,2025,7,8,28,31,0.9032,841.58,760.14,23564.26
612f8f5a450c7f0031879d72,3141 Lamar Dr,2025,8,8,29,31,0.9355,624.10,583.84,18098.93
612f8f5a450c7f0031879d72,3141 Lamar Dr,2025,9,8,24,30,0.8000,627.69,502.16,15064.66
612f8f5a450c7f0031879d72,3141 Lamar Dr,2025,10,6,28,31,0.9032,857.73,774.72,24016.40
612f8f5a450c7f0031879d72,3141 Lamar Dr,2025,11,2,12,30,0.4000,628.39,251.36,7540.67
612f8f5a450c7f0031879d72,3141 Lamar Dr,2025,12,5,16,31,0.5161,608.04,313.83,9728.62
612f8f5a450c7f0031879d72,3141 Lamar Dr,2026,1,3,12,31,0.3871,318.49,123.29,3821.91
612f8f5a450c7f0031879d72,3141 Lamar Dr,2026,2,5,12,28,0.4286,407.91,174.82,4894.91
612f8f5a450c7f0031879d72,3141 Lamar Dr,2026,3,5,17,31,0.5484,451.59,247.65,7677.01
612f8f5a450c7f0031879d72,3141 Lamar Dr,2026,4,5,20,30,0.6667,1082.43,721.62,21648.66
612f8f5a450c7f0031879d72,3141 Lamar Dr,2026,5,8,39,31,1.0000,989.17,1244.44,38577.52
612f8f5a450c7f0031879d72,3141 Lamar Dr,2026,6,3,14,30,0.4667,800.20,373.43,11202.84
612f8f5a450c7f0031879d72,3141 Lamar Dr,2026,7,5,20,31,0.6452,819.92,528.98,16398.49
612f8f5a450c7f0031879d72,3141 Lamar Dr,2026,8,8,30,31,0.9677,620.58,600.56,18617.39
612f8f737f2b45002ce6a5ec,1105 Kees Rd,2024,9,6,19,30,0.6333,392.48,248.57,7457.11
612f8f737f2b45002ce6a5ec,1105 Kees Rd,2024,10,7,24,31,0.7742,458.74,355.15,11009.71
612f8f737f2b45002ce6a5ec,1105 Kees Rd,2024,11,4,17,30,0.5667,319.45,181.02,5430.62
612f8f737f2b45002ce6a5ec,1105 Kees Rd,2024,12,4,21,31,0.6774,196.37,133.03,4123.79
612f8f737f2b45002ce6a5ec,1105 Kees Rd,2025,1,2,18,31,0.5806,217.32,126.19,3911.74
612f8f737f2b45002ce6a5ec,1105 Kees Rd,2025,2,2,20,28,0.7143,173.73,124.09,3474.57
612f8f737f2b45002ce6a5ec,1105 Kees Rd,2025,3,4,19,31,0.6129,332.39,203.72,6315.39
612f8f737f2b45002ce6a5ec,1105 Kees Rd,2025,4,5,23,30,0.7667,427.71,327.91,9837.30
612f8f737f2b45002ce6a5ec,1105 Kees Rd,2025,5,4,20,31,0.6452,373.53,240.99,7470.64
612f8f737f2b45002ce6a5ec,1105 Kees Rd,2025,6,4,24,30,0.8000,331.61,265.29,7958.66
612f8f737f2b45002ce6a5ec,1105 Kees Rd,2025,7,7,31,31,1.0000,300.74,300.74,9322.84
612f8f737f2b45002ce6a5ec,1105 Kees Rd,2025,8,3,16,31,0.5161,236.30,121.96,3780.74
612f8f737f2b45002ce6a5ec,1105 Kees Rd,2025,9,5,23,30,0.7667,356.48,273.30,8199.04
612f8f737f2b45002ce6a5ec,1105 Kees Rd,2025,10,4,12,31,0.3871,524.75,203.13,6296.96
612f8f737f2b45002ce6a5ec,1105 Kees Rd,2025,11,5,18,30,0.6000,353.54,212.13,6363.80
612f8f737f2b45002ce6a5ec,1105 Kees Rd,2025,12,6,18,31,0.5806,260.92,151.50,4696.64
612f8f737f2b45002ce6a5ec,1105 Kees Rd,2026,1,2,8,31,0.2581,179.06,46.21,1432.44
612f8f737f2b45002ce6a5ec,1105 Kees Rd,2026,2,5,11,28,0.3929,267.94,105.26,2947.34
612f8f737f2b45002ce6a5ec,1105 Kees Rd,2026,3,4,13,31,0.4194,309.72,129.88,4026.37
612f8f737f2b45002ce6a5ec,1105 Kees Rd,2026,4,7,19,30,0.6333,482.98,305.89,9176.60
612f8f737f2b45002ce6a5ec,1105 Kees Rd,2026,5,8,22,31,0.7097,319.42,226.68,7027.20
612f8f737f2b45002ce6a5ec,1105 Kees Rd,2026,6,4,24,30,0.8000,390.12,312.10,9363.00
612f8f737f2b45002ce6a5ec,1105 Kees Rd,2026,7,7,24,31,0.7742,337.94,261.63,8110.51
612f8f737f2b45002ce6a5ec,1105 Kees Rd,2026,8,5,26,31,0.8387,259.73,217.84,6752.97
